{"fig": 0.7369655941662062, "lime": 0.32192809488736235, "blueberry": 0.32192809488736235, "kiwi": 0.32192809488736235, "papaya": 0.5145731728297582, "peach": 0.5145731728297582, "apple": 0.32192809488736235, "apricot": 0, "pear": 0.7369655941662062, "cherry": 0.5145731728297582, "banana": 0, "coconut": 0.32192809488736235, "orange": 0.32192809488736235}