{"papaya": 0.5145731728297582, "kiwi": 0.32192809488736235, "apricot": 0, "blueberry": 0.32192809488736235, "peach": 0.5145731728297582, "fig": 0.7369655941662062, "cherry": 0.5145731728297582, "coconut": 0.32192809488736235, "apple": 0.32192809488736235, "pear": 0.7369655941662062, "banana": 0, "lime": 0.32192809488736235, "orange": 0.32192809488736235}